Date,EntryPrice,EMA10,Symbol,ExitPrice,Trade,ExitTime,EntryTime,Profit
2013-01-01,6007.5,6007.5,NIFTY,6033.9502,Short,15:30:00,09:15:00,-26.450200000000223
2013-01-02,6033.9502,6012.309127272727,NIFTY,6016.0498,Short,15:30:00,09:15:00,17.900400000000445
2013-01-07,6016.0498,6021.296373389794,NIFTY,6041.7002,Short,15:30:00,09:15:00,-25.650400000000445
2013-01-08,6041.7002,6025.006160046194,NIFTY,6001.0,Short,15:30:00,09:15:00,40.70020000000022
2013-01-09,6001.0,6020.641403674158,NIFTY,6064.0,Short,15:30:00,09:15:00,-63.0
2013-01-14,6064.0,6018.567576016874,NIFTY,6016.8999,Short,15:30:00,09:15:00,47.10009999999966
2013-01-16,6016.8999,6027.8716500608825,NIFTY,6051.0,Short,15:30:00,09:15:00,-34.10009999999966
2013-01-17,6051.0,6032.076804595267,NIFTY,6024.8999,Short,15:30:00,09:15:00,26.100099999999657
2013-01-24,6024.8999,6051.14950790958,NIFTY,6078.9502,Short,15:30:00,09:15:00,-54.05029999999988
2013-01-25,6078.9502,6056.204179198748,NIFTY,6049.7998,Short,15:30:00,09:15:00,29.150400000000445
2013-01-29,6049.7998,6058.304399298335,NIFTY,6060.0,Short,15:30:00,09:15:00,-10.200200000000223
2013-01-30,6060.0,6058.612690335001,NIFTY,6035.5,Short,15:30:00,09:15:00,24.5
2013-01-31,6035.5,6054.410383001365,NIFTY,5960.0,Short,15:30:00,09:15:00,75.5
2013-02-19,5960.0,5938.898242565935,NIFTY,5850.25,Short,15:30:00,09:15:00,109.75
2013-02-21,5850.25,5926.559124362319,NIFTY,5801.0,Short,15:30:00,09:15:00,49.25
2013-03-05,5801.0,5797.263692748067,NIFTY,5860.2002,Short,15:30:00,09:15:00,-59.20020000000022
2013-03-13,5860.2002,5875.864486926457,NIFTY,5940.0498,Short,15:30:00,09:15:00,-79.84959999999955
2013-03-14,5940.0498,5887.5345438489185,NIFTY,5849.0,Short,15:30:00,09:15:00,91.04979999999978
2013-03-18,5849.0,5882.53138885754,NIFTY,5765.5498,Short,15:30:00,09:15:00,83.45020000000022
2013-04-02,5765.5498,5730.411698140218,NIFTY,5683.75,Short,15:30:00,09:15:00,81.79979999999978
2013-04-03,5683.75,5721.927753023814,NIFTY,5693.0498,Short,15:30:00,09:15:00,-9.299799999999777
2013-04-16,5693.0498,5607.18872158675,NIFTY,5987.25,Short,15:30:00,09:15:00,-294.2002000000002
2013-05-13,5987.25,6014.34480254839,NIFTY,6161.0,Short,15:30:00,09:15:00,-173.75
2013-05-15,6161.0,6040.325859557186,NIFTY,5970.0,Short,15:30:00,09:15:00,191.0
2013-05-23,5970.0,6082.897479597783,NIFTY,6068.75,Short,15:30:00,09:15:00,-98.75
2013-05-27,6068.75,6066.639620226614,NIFTY,5991.0,Short,15:30:00,09:15:00,77.75
2013-05-31,5991.0,6068.24612719806,NIFTY,5832.6001,Short,15:30:00,09:15:00,158.39990000000034
2013-06-28,5832.6001,5717.675410260603,NIFTY,5815.0,Short,15:30:00,09:15:00,17.600099999999657
2013-07-10,5815.0,5816.799838324078,NIFTY,5938.0,Short,15:30:00,09:15:00,-123.0
2013-07-11,5938.0,5838.836231356064,NIFTY,5907.25,Short,15:30:00,09:15:00,30.75
2013-07-25,5907.25,5982.4550177715755,NIFTY,5714.0498,Short,15:30:00,09:15:00,193.20020000000022
2013-08-13,5714.0498,5694.293690439115,NIFTY,5508.0,Short,15:30:00,09:15:00,206.04979999999978
2013-08-16,5508.0,5669.832110128664,NIFTY,5462.0,Short,15:30:00,09:15:00,46.0
2013-08-30,5462.0,5428.149156654089,NIFTY,5329.5498,Short,15:30:00,09:15:00,132.45020000000022
2013-09-03,5329.5498,5429.092374289101,NIFTY,5449.75,Short,15:30:00,09:15:00,-120.20020000000022
2013-09-04,5449.75,5432.848306236537,NIFTY,5888.8999,Short,15:30:00,09:15:00,-439.14990000000034
2013-09-25,5888.8999,5900.042849170789,NIFTY,5965.7002,Short,15:30:00,09:15:00,-76.80029999999988
2013-10-03,5965.7002,5884.39781204889,NIFTY,6141.0,Short,15:30:00,09:15:00,-175.29979999999978
2013-10-25,6141.0,6142.876227885437,NIFTY,6231.1001,Short,15:30:00,09:15:00,-90.10009999999966
2013-10-29,6231.1001,6153.587380650582,NIFTY,6226.0,Short,15:30:00,09:15:00,5.100099999999657
2013-11-07,6226.0,6251.991805851711,NIFTY,6225.0,Short,15:30:00,09:15:00,1.0
2013-11-18,6225.0,6163.611043535525,NIFTY,6132.8999,Short,15:30:00,09:15:00,92.10009999999966
2013-11-20,6132.8999,6167.970214267583,NIFTY,6131.0,Short,15:30:00,09:15:00,1.8999000000003434
2013-11-25,6131.0,6124.397660556776,NIFTY,6067.6001,Short,15:30:00,09:15:00,63.39990000000034
2013-11-26,6067.6001,6114.070831364635,NIFTY,6228.0,Short,15:30:00,09:15:00,-160.39990000000034
2013-11-29,6228.0,6126.410482543064,NIFTY,6258.0,Short,15:30:00,09:15:00,-30.0
2013-12-12,6258.0,6280.628372563913,NIFTY,6259.5,Short,15:30:00,09:15:00,-1.5
2013-12-18,6259.5,6237.864029259737,NIFTY,6183.1001,Short,15:30:00,09:15:00,76.39990000000034
2013-12-19,6183.1001,6227.9069512125125,NIFTY,6300.0,Short,15:30:00,09:15:00,-116.89990000000034
2013-12-20,6300.0,6241.014778264782,NIFTY,6255.7998,Short,15:30:00,09:15:00,44.20020000000022
2014-01-02,6255.7998,6302.877250600946,NIFTY,6300.0,Short,15:30:00,09:15:00,-44.20020000000022
2014-01-13,6300.0,6244.138065346342,NIFTY,6272.2002,Short,15:30:00,09:15:00,27.799799999999777
2014-01-17,6272.2002,6274.20476096833,NIFTY,6317.8999,Short,15:30:00,09:15:00,-45.69970000000012
2014-01-20,6317.8999,6282.149331701361,NIFTY,6277.6499,Short,15:30:00,09:15:00,40.25
2014-01-24,6277.6499,6305.215451191356,NIFTY,6093.8999,Short,15:30:00,09:15:00,183.75
2014-02-12,6093.8999,6092.163536247101,NIFTY,5998.6499,Short,15:30:00,09:15:00,95.25
2014-02-13,5998.6499,6075.161056929446,NIFTY,6098.0,Short,15:30:00,09:15:00,-99.35009999999966
2014-02-17,6098.0,6077.318558770951,NIFTY,6751.2002,Short,15:30:00,09:15:00,-653.2002000000002
2014-04-15,6751.2002,6755.951179854783,NIFTY,6799.2002,Short,15:30:00,09:15:00,-48.0
2014-04-17,6799.2002,6754.643358415184,NIFTY,6764.0,Short,15:30:00,09:15:00,35.20020000000022
2014-04-29,6764.0,6795.301350321734,NIFTY,6894.7002,Short,15:30:00,09:15:00,-130.70020000000022
2014-05-09,6894.7002,6764.207002029898,NIFTY,7235.0,Short,15:30:00,09:15:00,-340.2997999999998
2014-05-29,7235.0,7258.818820687469,NIFTY,7370.9502,Short,15:30:00,09:15:00,-135.95020000000022
2014-06-02,7370.9502,7274.9192469064865,NIFTY,7556.0,Short,15:30:00,09:15:00,-185.04979999999978
2014-06-18,7556.0,7565.209520885295,NIFTY,7592.0,Short,15:30:00,09:15:00,-36.0
2014-06-24,7592.0,7556.6451775649475,NIFTY,7492.6499,Short,15:30:00,09:15:00,99.35009999999966
2014-06-26,7492.6499,7547.92609241951,NIFTY,7623.8501,Short,15:30:00,09:15:00,-131.2001999999993
2014-06-30,7623.8501,7561.332361041159,NIFTY,7630.9502,Short,15:30:00,09:15:00,-7.100100000000566
2014-07-08,7630.9502,7676.930441423507,NIFTY,7660.0,Short,15:30:00,09:15:00,-29.049799999999777
2014-07-16,7660.0,7593.061590758064,NIFTY,7722.4502,Short,15:30:00,09:15:00,-62.45020000000022
2014-07-31,7722.4502,7733.431894489753,NIFTY,7724.0,Short,15:30:00,09:15:00,-1.5497999999997774
2014-08-04,7724.0,7715.437879782396,NIFTY,7698.7002,Short,15:30:00,09:15:00,25.299799999999777
2014-08-06,7698.7002,7720.786565804743,NIFTY,7751.7002,Short,15:30:00,09:15:00,-53.0
2014-08-12,7751.7002,7695.416581930531,NIFTY,8058.0,Short,15:30:00,09:15:00,-306.2997999999998
2014-09-15,8058.0,8098.086100985838,NIFTY,8132.75,Short,15:30:00,09:15:00,-74.75
2014-09-18,8132.75,8071.375056362641,NIFTY,8032.0,Short,15:30:00,09:15:00,100.75
2014-09-23,8032.0,8083.496633875555,NIFTY,7984.2002,Short,15:30:00,09:15:00,47.79979999999978
2014-10-09,7984.2002,7978.627173063529,NIFTY,7892.5498,Short,15:30:00,09:15:00,91.65040000000045
2014-10-10,7892.5498,7962.976741597433,NIFTY,7895.0,Short,15:30:00,09:15:00,-2.4502000000002226
2014-10-20,7895.0,7893.767072581893,NIFTY,8485.0996,Short,15:30:00,09:15:00,-590.0995999999996
2014-12-08,8485.0996,8537.622423206725,NIFTY,8341.0,Short,15:30:00,09:15:00,144.09959999999955
2014-12-22,8341.0,8281.212342821722,NIFTY,8265.5,Short,15:30:00,09:15:00,75.5
2014-12-23,8265.5,8278.355553217772,NIFTY,8269.0,Short,15:30:00,09:15:00,-3.5
2014-12-26,8269.0,8261.063605046607,NIFTY,8150.2998,Short,15:30:00,09:15:00,118.70020000000022
2015-01-06,8150.2998,8311.915017343692,NIFTY,8311.5996,Short,15:30:00,09:15:00,-161.29979999999978
2015-01-09,8311.5996,8284.170661790798,NIFTY,8757.0498,Short,15:30:00,09:15:00,-445.45020000000113
2015-02-04,8757.0498,8789.501723001904,NIFTY,8768.5996,Short,15:30:00,09:15:00,-11.549799999998868
2015-02-12,8768.5996,8717.480292106597,NIFTY,8742.0996,Short,15:30:00,09:15:00,26.5
2015-02-23,8742.0996,8802.683188784253,NIFTY,8896.0,Short,15:30:00,09:15:00,-153.90040000000045
2015-02-27,8896.0,8794.81455843272,NIFTY,8769.0498,Short,15:30:00,09:15:00,126.95019999999931
2015-03-09,8769.0498,8893.908720263564,NIFTY,8570.0,Short,15:30:00,09:15:00,199.0498000000007
2015-03-30,8570.0,8563.054670377973,NIFTY,8532.5498,Short,15:30:00,09:15:00,37.45019999999931
2015-03-31,8532.5498,8557.50833030925,NIFTY,8635.9004,Short,15:30:00,09:15:00,-103.35059999999976
2015-04-01,8635.9004,8571.761433889387,NIFTY,8710.0,Short,15:30:00,09:15:00,-74.09959999999955
2015-04-16,8710.0,8730.520623371789,NIFTY,8381.4004,Short,15:30:00,09:15:00,328.59959999999955
2015-05-04,8381.4004,8360.914533203977,NIFTY,8122.5,Short,15:30:00,09:15:00,258.90040000000045
2015-05-06,8122.5,8318.159375120016,NIFTY,8337.6504,Short,15:30:00,09:15:00,-215.15040000000045
2015-05-11,8337.6504,8277.250411316672,NIFTY,8130.0,Short,15:30:00,09:15:00,207.65040000000045
2015-05-12,8130.0,8250.477609259095,NIFTY,8257.0,Short,15:30:00,09:15:00,-127.0
2015-05-13,8257.0,8251.663498484713,NIFTY,8238.7002,Short,15:30:00,09:15:00,18.299800000000687
2015-05-14,8238.7002,8249.306535123855,NIFTY,8260.0,Short,15:30:00,09:15:00,-21.299800000000687
2015-05-15,8260.0,8251.250801464972,NIFTY,8352.0,Short,15:30:00,09:15:00,-92.0
2015-05-26,8352.0,8353.85802819679,NIFTY,8465.5996,Short,15:30:00,09:15:00,-113.59959999999955
2015-05-29,8465.5996,8367.335592303123,NIFTY,8220.0,Short,15:30:00,09:15:00,245.59959999999955
2015-06-02,8220.0,8348.827958483907,NIFTY,8156.0,Short,15:30:00,09:15:00,64.0
2015-06-18,8156.0,8094.631006550117,NIFTY,8368.7998,Short,15:30:00,09:15:00,-212.7998000000007
2015-07-08,8368.7998,8417.834754509084,NIFTY,8481.8496,Short,15:30:00,09:15:00,-113.04979999999887
2015-07-13,8481.8496,8415.311900253284,NIFTY,8540.0,Short,15:30:00,09:15:00,-58.150400000000445
2015-07-24,8540.0,8557.93220807124,NIFTY,8571.7002,Short,15:30:00,09:15:00,-31.700199999999313
2015-07-31,8571.7002,8483.386981549935,NIFTY,8521.2998,Short,15:30:00,09:15:00,50.400399999998626
2015-08-10,8521.2998,8544.671006574585,NIFTY,8545.2002,Short,15:30:00,09:15:00,-23.900399999998626
2015-08-14,8545.2002,8497.323586321687,NIFTY,8485.0,Short,15:30:00,09:15:00,60.20019999999931
2015-08-17,8485.0,8495.082934263197,NIFTY,8508.7998,Short,15:30:00,09:15:00,-23.799800000000687
2015-08-19,8508.7998,8495.333167564619,NIFTY,8388.0,Short,15:30:00,09:15:00,120.79980000000069
2015-08-20,8388.0,8475.818046189233,NIFTY,7831.3999,Short,15:30:00,09:15:00,556.6000999999997
2015-09-10,7831.3999,7823.2790707231015,NIFTY,7785.0,Short,15:30:00,09:15:00,46.39990000000034
2015-09-11,7785.0,7816.319239682538,NIFTY,7869.0,Short,15:30:00,09:15:00,-84.0
2015-09-14,7869.0,7825.897559740258,NIFTY,7822.0,Short,15:30:00,09:15:00,47.0
2015-09-15,7822.0,7825.188912514755,NIFTY,7897.6499,Short,15:30:00,09:15:00,-75.64990000000034
2015-09-16,7897.6499,7838.363637512072,NIFTY,7779.0,Short,15:30:00,09:15:00,118.64990000000034
2015-09-22,7779.0,7864.8938932729525,NIFTY,7869.1499,Short,15:30:00,09:15:00,-90.14990000000034
2015-09-24,7869.1499,7865.088455827347,NIFTY,7832.0,Short,15:30:00,09:15:00,37.14990000000034
2015-09-28,7832.0,7859.072372949648,NIFTY,7986.9502,Short,15:30:00,09:15:00,-154.95020000000022
2015-09-30,7986.9502,7882.312120734887,NIFTY,8186.5,Short,15:30:00,09:15:00,-199.54979999999978
2015-10-28,8186.5,8220.357129196995,NIFTY,7884.0,Short,15:30:00,09:15:00,302.5
2015-11-26,7884.0,7863.235685686403,NIFTY,7890.2998,Short,15:30:00,09:15:00,-6.299799999999777
2015-12-03,7890.2998,7918.669229696779,NIFTY,7768.5,Short,15:30:00,09:15:00,121.79979999999978
2015-12-16,7768.5,7746.458274630346,NIFTY,7809.0498,Short,15:30:00,09:15:00,-40.54979999999978
2016-01-04,7809.0498,7878.85473415812,NIFTY,7564.8501,Short,15:30:00,09:15:00,244.19970000000012
2016-01-29,7564.8501,7467.861778934292,NIFTY,7462.2998,Short,15:30:00,09:15:00,102.55029999999988
2016-02-02,7462.2998,7480.40826193122,NIFTY,7527.0,Short,15:30:00,09:15:00,-64.70020000000022
2016-02-05,7527.0,7469.898800261351,NIFTY,7380.8501,Short,15:30:00,09:15:00,146.14990000000034
2016-02-08,7380.8501,7453.7081274865595,NIFTY,7205.0,Short,15:30:00,09:15:00,175.85009999999966
2016-02-19,7205.0,7194.052118190817,NIFTY,7108.0,Short,15:30:00,09:15:00,97.0
2016-02-23,7108.0,7184.921680772364,NIFTY,7236.2998,Short,15:30:00,09:15:00,-128.29979999999978
2016-03-01,7236.2998,7119.45061774672,NIFTY,7613.2998,Short,15:30:00,09:15:00,-377.0
2016-04-05,7613.2998,7677.304993041574,NIFTY,7695.5498,Short,15:30:00,09:15:00,-82.25
2016-04-11,7695.5498,7649.399432507735,NIFTY,7846.7998,Short,15:30:00,09:15:00,-151.25
2016-04-28,7846.7998,7874.240739413927,NIFTY,7898.25,Short,15:30:00,09:15:00,-51.45020000000022
2016-04-29,7898.25,7878.606059520485,NIFTY,7840.0,Short,15:30:00,09:15:00,58.25
2016-05-02,7840.0,7871.5867759713055,NIFTY,7912.0,Short,15:30:00,09:15:00,-72.0
2016-05-09,7912.0,7829.763886782008,NIFTY,7832.5,Short,15:30:00,09:15:00,79.5
2016-05-13,7832.5,7859.522942201813,NIFTY,7884.7998,Short,15:30:00,09:15:00,-52.29979999999978
2016-05-16,7884.7998,7864.118734528756,NIFTY,7778.1499,Short,15:30:00,09:15:00,106.64989999999943
2016-05-19,7778.1499,7856.260445583366,NIFTY,7938.5498,Short,15:30:00,09:15:00,-160.39989999999943
2016-05-25,7938.5498,7833.958964119422,NIFTY,8130.5498,Short,15:30:00,09:15:00,-192.0
2016-06-13,8130.5498,8180.417702843995,NIFTY,8217.1504,Short,15:30:00,09:15:00,-86.60060000000067
2016-06-15,8217.1504,8178.525116779864,NIFTY,8153.2002,Short,15:30:00,09:15:00,63.95020000000022
2016-06-16,8153.2002,8173.920586456252,NIFTY,8251.1504,Short,15:30:00,09:15:00,-97.95020000000022
2016-06-20,8251.1504,8186.360119859143,NIFTY,8075.6001,Short,15:30:00,09:15:00,175.5503000000008
2016-06-24,8075.6001,8186.964258492986,NIFTY,8203.9502,Short,15:30:00,09:15:00,-128.35009999999966
2016-06-29,8203.9502,8172.224562615616,NIFTY,8574.9004,Short,15:30:00,09:15:00,-370.95020000000113
2016-08-03,8574.9004,8614.159843874633,NIFTY,8706.0,Short,15:30:00,09:15:00,-131.09959999999955
2016-08-05,8706.0,8629.495432676405,NIFTY,8594.5996,Short,15:30:00,09:15:00,111.40040000000045
2016-08-10,8594.5996,8645.44508882126,NIFTY,8672.0,Short,15:30:00,09:15:00,-77.40040000000045
2016-08-12,8672.0,8646.763181772907,NIFTY,8631.2002,Short,15:30:00,09:15:00,40.79980000000069
2016-08-17,8631.2002,8645.53076135211,NIFTY,8679.0996,Short,15:30:00,09:15:00,-47.89940000000024
2016-08-18,8679.0996,8651.634186560817,NIFTY,8631.0,Short,15:30:00,09:15:00,48.099599999999555
2016-08-22,8631.0,8652.117040590298,NIFTY,8655.0,Short,15:30:00,09:15:00,-24.0
2016-08-23,8655.0,8652.641215028425,NIFTY,8592.0498,Short,15:30:00,09:15:00,62.95019999999931
2016-08-25,8592.0498,8641.90110758101,NIFTY,8659.0,Short,15:30:00,09:15:00,-66.95019999999931
2016-08-29,8659.0,8643.217210860013,NIFTY,8748.0,Short,15:30:00,09:15:00,-89.0
2016-09-12,8748.0,8836.492310651713,NIFTY,8829.9502,Short,15:30:00,09:15:00,-81.95019999999931
2016-09-19,8829.9502,8818.787317654933,NIFTY,8803.0,Short,15:30:00,09:15:00,26.950199999999313
2016-09-20,8803.0,8815.916896263127,NIFTY,8878.4502,Short,15:30:00,09:15:00,-75.45019999999931
2016-09-22,8878.4502,8825.96010741581,NIFTY,8733.0996,Short,15:30:00,09:15:00,145.35059999999976
2016-09-26,8733.0996,8810.108819013889,NIFTY,8785.2998,Short,15:30:00,09:15:00,-52.20020000000113
2016-10-03,8785.2998,8743.427908567788,NIFTY,8737.2002,Short,15:30:00,09:15:00,48.099600000001374
2016-10-06,8737.2002,8753.152267878224,NIFTY,8675.0,Short,15:30:00,09:15:00,62.20019999999931
2016-10-18,8675.0,8668.58597402261,NIFTY,8661.9004,Short,15:30:00,09:15:00,13.099599999999555
2016-10-19,8661.9004,8667.370415109406,NIFTY,8709.0,Short,15:30:00,09:15:00,-47.099599999999555
2016-10-20,8709.0,8674.939430544058,NIFTY,8611.5,Short,15:30:00,09:15:00,97.5
2016-10-26,8611.5,8676.253105129399,NIFTY,8669.0996,Short,15:30:00,09:15:00,-57.599599999999555
2016-10-28,8669.0996,8666.018977813894,NIFTY,8625.5,Short,15:30:00,09:15:00,43.599599999999555
2016-10-30,8625.5,8658.65189093864,NIFTY,8143.3501,Short,15:30:00,09:15:00,482.14990000000034
2016-11-28,8143.3501,8124.399588061315,NIFTY,8110.0,Short,15:30:00,09:15:00,33.35009999999966
2016-12-02,8110.0,8155.493111049127,NIFTY,8173.0,Short,15:30:00,09:15:00,-63.0
2016-12-05,8173.0,8158.676181767467,NIFTY,8136.5498,Short,15:30:00,09:15:00,36.45020000000022
2016-12-07,8136.5498,8155.445176224503,NIFTY,8252.7002,Short,15:30:00,09:15:00,-116.15039999999954
2016-12-08,8252.7002,8173.127907820048,NIFTY,8183.0,Short,15:30:00,09:15:00,69.70019999999931
2016-12-12,8183.0,8190.092176309287,NIFTY,8223.1504,Short,15:30:00,09:15:00,-40.150400000000445
2016-12-13,8223.1504,8196.102762434872,NIFTY,8177.8999,Short,15:30:00,09:15:00,45.2505000000001
2016-12-15,8177.8999,8193.96794675392,NIFTY,8104.8501,Short,15:30:00,09:15:00,73.04980000000069
2016-12-29,8104.8501,8063.3286910197985,NIFTY,8363.0,Short,15:30:00,09:15:00,-258.14990000000034
2017-01-20,8363.0,8370.372782193052,NIFTY,8410.5996,Short,15:30:00,09:15:00,-47.599599999999555
2017-01-23,8410.5996,8377.686749067041,NIFTY,8749.5498,Short,15:30:00,09:15:00,-338.95020000000113
2017-02-15,8749.5498,8759.781466882067,NIFTY,8785.5498,Short,15:30:00,09:15:00,-36.0
2017-02-16,8785.5498,8764.466618358054,NIFTY,9046.75,Short,15:30:00,09:15:00,-261.2001999999993
2017-03-22,9046.75,9079.32436768095,NIFTY,9104.0,Short,15:30:00,09:15:00,-57.25
2017-03-23,9104.0,9083.810846284414,NIFTY,9067.3496,Short,15:30:00,09:15:00,36.650400000000445
2017-03-27,9067.3496,9084.869968173862,NIFTY,9119.0,Short,15:30:00,09:15:00,-51.650400000000445
2017-03-28,9119.0,9091.075428505887,NIFTY,9179.9502,Short,15:30:00,09:15:00,-60.95019999999931
2017-04-13,9179.9502,9208.761266897078,NIFTY,9225.4502,Short,15:30:00,09:15:00,-45.5
2017-04-24,9225.4502,9177.863539074437,NIFTY,9388.4502,Short,15:30:00,09:15:00,-163.0
2017-05-23,9388.4502,9429.099569645581,NIFTY,9511.9004,Short,15:30:00,09:15:00,-123.45020000000113
2017-05-25,9511.9004,9436.054389597455,NIFTY,9621.75,Short,15:30:00,09:15:00,-109.84959999999955
2017-06-12,9621.75,9634.23490362189,NIFTY,9638.1504,Short,15:30:00,09:15:00,-16.400400000000445
2017-06-14,9638.1504,9631.832499118786,NIFTY,9599.0,Short,15:30:00,09:15:00,39.150400000000445
2017-06-15,9599.0,9625.86295382446,NIFTY,9676.5,Short,15:30:00,09:15:00,-77.5
2017-06-19,9676.5,9629.734704626291,NIFTY,9631.0498,Short,15:30:00,09:15:00,45.45019999999931
2017-06-22,9631.0498,9639.731786080063,NIFTY,9628.0,Short,15:30:00,09:15:00,3.049800000000687
2017-07-03,9628.0,9575.716487589516,NIFTY,10004.2998,Short,15:30:00,09:15:00,-376.2998000000007
2017-08-08,10004.2998,10041.57522250577,NIFTY,9880.0,Short,15:30:00,09:15:00,124.29980000000069
2017-08-24,9880.0,9866.280850101199,NIFTY,9792.4004,Short,15:30:00,09:15:00,87.59959999999955
2017-08-29,9792.4004,9860.095517836338,NIFTY,9880.0996,Short,15:30:00,09:15:00,-87.69919999999911
2017-08-30,9880.0996,9863.732623684276,NIFTY,9975.2002,Short,15:30:00,09:15:00,-95.10059999999976
2017-09-22,9975.2002,10080.245388006366,NIFTY,9944.9004,Short,15:30:00,09:15:00,30.299799999998868
2017-10-04,9944.9004,9904.547822321269,NIFTY,10118.0,Short,15:30:00,09:15:00,-173.09959999999955
2017-10-19,10118.0,10127.645916985399,NIFTY,10196.2002,Short,15:30:00,09:15:00,-78.20019999999931
2017-10-23,10196.2002,10140.11033207896,NIFTY,10365.1494,Short,15:30:00,09:15:00,-168.94920000000093
2017-11-08,10365.1494,10388.154829835768,NIFTY,10298.8994,Short,15:30:00,09:15:00,66.25
2017-11-17,10298.8994,10296.803593687022,NIFTY,10354.1494,Short,15:30:00,09:15:00,-55.25
2017-11-29,10354.1494,10360.207052443535,NIFTY,10290.0,Short,15:30:00,09:15:00,64.14940000000024
2017-12-08,10290.0,10230.87792926306,NIFTY,10227.0,Short,15:30:00,09:15:00,63.0
2017-12-13,10227.0,10249.98358379622,NIFTY,10285.2998,Short,15:30:00,09:15:00,-58.29980000000069
2017-12-14,10285.2998,10256.404714015089,NIFTY,10463.3496,Short,15:30:00,09:15:00,-178.04979999999887
2018-01-02,10463.3496,10467.508536028263,NIFTY,10472.0,Short,15:30:00,09:15:00,-8.650400000000445
2018-01-03,10472.0,10468.325165841305,NIFTY,10740.6494,Short,15:30:00,09:15:00,-268.64940000000024
2018-02-02,10740.6494,10951.796991517867,NIFTY,10507.0,Short,15:30:00,09:15:00,233.64940000000024
2018-02-23,10507.0,10474.153554530812,NIFTY,10442.0498,Short,15:30:00,09:15:00,64.95019999999931
2018-03-01,10442.0498,10498.016751292715,NIFTY,10433.0498,Short,15:30:00,09:15:00,9.0
2018-03-12,10433.0498,10348.97750662187,NIFTY,10366.0,Short,15:30:00,09:15:00,67.04980000000069
2018-03-15,10366.0,10373.596035407469,NIFTY,10270.0498,Short,15:30:00,09:15:00,95.95019999999931
2018-04-02,10270.0498,10190.172280768267,NIFTY,10139.0,Short,15:30:00,09:15:00,131.0498000000007
2018-04-04,10139.0,10194.231030927518,NIFTY,10357.0,Short,15:30:00,09:15:00,-218.0
2018-04-05,10357.0,10223.825388940697,NIFTY,10693.0,Short,15:30:00,09:15:00,-336.0
2018-05-17,10693.0,10743.919546712386,NIFTY,10608.5,Short,15:30:00,09:15:00,84.5
2018-05-25,10608.5,10602.339003165895,NIFTY,10613.0,Short,15:30:00,09:15:00,-4.5
2018-05-30,10613.0,10615.632016910546,NIFTY,10737.3994,Short,15:30:00,09:15:00,-124.39940000000024
2018-05-31,10737.3994,10637.771541108628,NIFTY,10606.5,Short,15:30:00,09:15:00,130.89940000000024
2018-06-04,10606.5,10637.073481238007,NIFTY,10690.0,Short,15:30:00,09:15:00,-83.5
2018-06-06,10690.0,10642.69124942379,NIFTY,10722.1494,Short,15:30:00,09:15:00,-32.14940000000024
2018-06-19,10722.1494,10764.18213597556,NIFTY,10788.0,Short,15:30:00,09:15:00,-65.85059999999976
2018-06-20,10788.0,10768.512656707277,NIFTY,10732.0498,Short,15:30:00,09:15:00,55.95019999999931
2018-06-21,10732.0498,10761.883046396862,NIFTY,10837.0,Short,15:30:00,09:15:00,-104.95019999999931
2018-06-22,10837.0,10775.540674324704,NIFTY,10759.4502,Short,15:30:00,09:15:00,77.54980000000069
2018-06-25,10759.4502,10772.615133538393,NIFTY,10731.9502,Short,15:30:00,09:15:00,27.5
2018-07-03,10731.9502,10708.587854258913,NIFTY,11623.5498,Short,15:30:00,09:15:00,-891.5996000000014
2018-09-03,11623.5498,11636.881443444612,NIFTY,11634.0,Short,15:30:00,09:15:00,-10.450199999999313
2018-09-07,11634.0,11602.172636953765,NIFTY,11487.0,Short,15:30:00,09:15:00,147.0
2018-09-10,11487.0,11581.232157507624,NIFTY,11538.0,Short,15:30:00,09:15:00,-51.0
2018-09-14,11538.0,11517.874171317097,NIFTY,11395.0996,Short,15:30:00,09:15:00,142.90040000000045
2018-09-17,11395.0996,11495.551521986716,NIFTY,10587.0,Short,15:30:00,09:15:00,808.0995999999996
2018-10-16,10587.0,10561.870294529119,NIFTY,10445.9502,Short,15:30:00,09:15:00,141.0498000000007
2018-10-17,10445.9502,10540.793913705642,NIFTY,10279.6504,Short,15:30:00,09:15:00,166.29979999999887
2018-10-29,10279.6504,10276.917465076522,NIFTY,10222.5498,Short,15:30:00,09:15:00,57.10059999999976
2018-10-30,10222.5498,10267.032435062609,NIFTY,10380.75,Short,15:30:00,09:15:00,-158.2001999999993
2018-10-31,10380.75,10287.708355960316,NIFTY,10518.0,Short,15:30:00,09:15:00,-137.25
2018-11-22,10518.0,10596.537728243362,NIFTY,10645.0996,Short,15:30:00,09:15:00,-127.09959999999955
2018-11-26,10645.0996,10605.36715947184,NIFTY,10619.7998,Short,15:30:00,09:15:00,25.299799999998868
2018-12-06,10619.7998,10762.298475694926,NIFTY,10779.9502,Short,15:30:00,09:15:00,-160.15039999999863
2018-12-12,10779.9502,10705.653810493437,NIFTY,10769.0,Short,15:30:00,09:15:00,10.950199999999313
2018-12-21,10769.0,10846.262127790062,NIFTY,10910.0,Short,15:30:00,09:15:00,-141.0
2018-12-28,10910.0,10821.892826912817,NIFTY,10825.9502,Short,15:30:00,09:15:00,84.04980000000069
2019-01-02,10825.9502,10855.224561397026,NIFTY,10833.5,Short,15:30:00,09:15:00,-7.549800000000687
2019-01-08,10833.5,10820.691443216027,NIFTY,10813.5498,Short,15:30:00,09:15:00,19.950199999999313
2019-01-11,10813.5498,10830.731544481203,NIFTY,10927.2998,Short,15:30:00,09:15:00,-113.75
2019-01-15,10927.2998,10839.373942999813,NIFTY,10845.0,Short,15:30:00,09:15:00,82.29980000000069
2019-01-23,10845.0,10890.292552930754,NIFTY,10832.5996,Short,15:30:00,09:15:00,12.400400000000445
2019-01-31,10832.5996,10789.727158045174,NIFTY,10923.9502,Short,15:30:00,09:15:00,-91.35059999999976
2019-02-11,10923.9502,10933.985417606924,NIFTY,10808.9004,Short,15:30:00,09:15:00,115.04979999999887
2019-02-21,10808.9004,10783.835393363212,NIFTY,10800.9004,Short,15:30:00,09:15:00,8.0
2019-02-27,10800.9004,10807.883432296701,NIFTY,10915.2002,Short,15:30:00,09:15:00,-114.29979999999887
2019-03-01,10915.2002,10825.032747239939,NIFTY,11373.4004,Short,15:30:00,09:15:00,-458.20020000000113
2019-03-25,11373.4004,11388.686431219405,NIFTY,11522.5,Short,15:30:00,09:15:00,-149.09959999999955
2019-03-26,11522.5,11413.016170997695,NIFTY,11653.0,Short,15:30:00,09:15:00,-130.5
2019-04-10,11653.0,11666.657505958385,NIFTY,11669.9004,Short,15:30:00,09:15:00,-16.900400000000445
2019-04-11,11669.9004,11667.247123056859,NIFTY,11615.4502,Short,15:30:00,09:15:00,54.45020000000113
2019-04-22,11615.4502,11700.731051141467,NIFTY,11732.75,Short,15:30:00,09:15:00,-117.29980000000069
2019-04-24,11732.75,11690.07288216908,NIFTY,11642.7998,Short,15:30:00,09:15:00,89.95019999999931
2019-04-25,11642.7998,11681.477776320155,NIFTY,11808.7002,Short,15:30:00,09:15:00,-165.90039999999863
2019-04-26,11808.7002,11704.609126080126,NIFTY,11652.0996,Short,15:30:00,09:15:00,156.60059999999976
2019-05-06,11652.0996,11719.261774947865,NIFTY,11440.7998,Short,15:30:00,09:15:00,211.29979999999887
2019-05-17,11440.7998,11381.313098143542,NIFTY,11886.0,Short,15:30:00,09:15:00,-445.2001999999993
2019-06-06,11886.0,11904.127009386968,NIFTY,11942.0,Short,15:30:00,09:15:00,-56.0
2019-06-10,11942.0,11908.599131903673,NIFTY,11919.5,Short,15:30:00,09:15:00,22.5
2019-06-13,11919.5,11921.56524023875,NIFTY,11856.0996,Short,15:30:00,09:15:00,63.400400000000445
2019-06-20,11856.0996,11825.144422003325,NIFTY,11754.5,Short,15:30:00,09:15:00,101.59959999999955
2019-06-21,11754.5,11812.299981639082,NIFTY,11862.0,Short,15:30:00,09:15:00,-107.5
2019-06-26,11862.0,11807.115571912014,NIFTY,11815.2002,Short,15:30:00,09:15:00,46.79980000000069
2019-07-05,11815.2002,11877.45137311186,NIFTY,11658.7998,Short,15:30:00,09:15:00,156.40039999999863
2019-07-16,11658.7998,11654.297703798147,NIFTY,11603.1504,Short,15:30:00,09:15:00,55.64940000000024
2019-07-18,11603.1504,11648.576162046693,NIFTY,11073.0,Short,15:30:00,09:15:00,530.1504000000004
2019-08-08,11073.0,11069.981345434757,NIFTY,10917.9004,Short,15:30:00,09:15:00,155.09959999999955
2019-08-13,10917.9004,11049.629703968722,NIFTY,11061.8496,Short,15:30:00,09:15:00,-143.9491999999991
2019-08-16,11061.8496,11046.253696045176,NIFTY,11037.0,Short,15:30:00,09:15:00,24.849599999999555
2019-08-20,11037.0,11046.913631236852,NIFTY,11045.5,Short,15:30:00,09:15:00,-8.5
2019-08-26,11045.5,10968.618688159617,NIFTY,10947.5,Short,15:30:00,09:15:00,98.0
2019-08-29,10947.5,10995.388180066386,NIFTY,11068.0996,Short,15:30:00,09:15:00,-120.59959999999955
2019-08-30,11068.0996,11008.608438236133,NIFTY,10813.7998,Short,15:30:00,09:15:00,254.29979999999887
2019-09-03,10813.7998,10973.188685829564,NIFTY,10968.0,Short,15:30:00,09:15:00,-154.2001999999993
2019-09-06,10968.0,10946.348439346168,NIFTY,10841.0,Short,15:30:00,09:15:00,127.0
2019-09-17,10841.0,10975.116458327184,NIFTY,11301.0,Short,15:30:00,09:15:00,-460.0
2019-09-20,11301.0,10981.499547799034,NIFTY,11361.9004,Short,15:30:00,09:15:00,-60.900400000000445
2019-10-03,11361.9004,11388.482398594075,NIFTY,11362.2998,Short,15:30:00,09:15:00,-0.39940000000024156
2019-10-09,11362.2998,11325.599288185633,NIFTY,11258.4004,Short,15:30:00,09:15:00,103.89940000000024
2019-10-10,11258.4004,11313.381308515518,NIFTY,11318.0,Short,15:30:00,09:15:00,-59.599599999999555
2019-10-11,11318.0,11314.221070603606,NIFTY,11862.0,Short,15:30:00,09:15:00,-544.0
2019-11-13,11862.0,11895.348807470014,NIFTY,11897.5,Short,15:30:00,09:15:00,-35.5
2019-11-14,11897.5,11895.739933384557,NIFTY,11913.0,Short,15:30:00,09:15:00,-15.5
2019-11-22,11913.0,11938.836913229303,NIFTY,12102.75,Short,15:30:00,09:15:00,-189.75
2019-11-25,12102.75,11968.639292642156,NIFTY,12050.7002,Short,15:30:00,09:15:00,52.04980000000069
2019-12-03,12050.7002,12056.371731690997,NIFTY,12092.5,Short,15:30:00,09:15:00,-41.79980000000069
2019-12-04,12092.5,12062.940507747178,NIFTY,12043.75,Short,15:30:00,09:15:00,48.75
2019-12-05,12043.75,12059.451324520418,NIFTY,12022.25,Short,15:30:00,09:15:00,21.5
2019-12-12,12022.25,11997.886326453148,NIFTY,12127.7998,Short,15:30:00,09:15:00,-105.54980000000069
2019-12-26,12127.7998,12179.516888520135,NIFTY,12326.75,Short,15:30:00,09:15:00,-198.9501999999993
2019-12-27,12326.75,12206.286545152838,NIFTY,12040.0,Short,15:30:00,09:15:00,286.75
2020-01-06,12040.0,12216.481083180857,NIFTY,12271.0,Short,15:30:00,09:15:00,-231.0
2020-01-09,12271.0,12191.559677264344,NIFTY,12266.0,Short,15:30:00,09:15:00,5.0
2020-01-20,12266.0,12306.138062703165,NIFTY,12271.2002,Short,15:30:00,09:15:00,-5.200199999999313
2020-01-24,12271.2002,12254.288805914584,NIFTY,12118.9502,Short,15:30:00,09:15:00,152.25
2020-01-27,12118.9502,12229.681786657387,NIFTY,12089.5,Short,15:30:00,09:15:00,29.450199999999313
2020-02-05,12089.5,11998.035653624498,NIFTY,12079.2002,Short,15:30:00,09:15:00,10.299800000000687
2020-02-17,12079.2002,12099.721741590205,NIFTY,12148.0,Short,15:30:00,09:15:00,-68.79980000000069
2020-02-19,12148.0,12096.491413791788,NIFTY,12080.75,Short,15:30:00,09:15:00,67.25
2020-02-20,12080.75,12093.629338556917,NIFTY,8881.0,Short,15:30:00,09:15:00,3199.75
2020-04-07,8881.0,8585.442931716469,NIFTY,8961.0498,Short,15:30:00,09:15:00,-80.04980000000069
2020-04-21,8961.0498,8985.939278725262,NIFTY,9200.0,Short,15:30:00,09:15:00,-238.9501999999993
2020-04-22,9200.0,9024.859409866123,NIFTY,9294.3496,Short,15:30:00,09:15:00,-94.34959999999955
2020-05-04,9294.3496,9343.812371033491,NIFTY,9391.0,Short,15:30:00,09:15:00,-96.65040000000045
2020-05-13,9391.0,9289.577212162898,NIFTY,9153.3496,Short,15:30:00,09:15:00,237.65040000000045
2020-05-14,9153.3496,9264.808555406007,NIFTY,9311.0996,Short,15:30:00,09:15:00,-157.75
2020-05-27,9311.0996,9124.375536190275,NIFTY,9896.0,Short,15:30:00,09:15:00,-584.9004000000004
2020-06-11,9896.0,9902.088525669691,NIFTY,9942.0,Short,15:30:00,09:15:00,-46.0
2020-06-12,9942.0,9909.34515736611,NIFTY,9817.0498,Short,15:30:00,09:15:00,124.95019999999931
2020-06-15,9817.0498,9892.564183299544,NIFTY,10074.7002,Short,15:30:00,09:15:00,-257.6503999999986
2020-06-18,10074.7002,9918.455736157299,NIFTY,10608.0,Short,15:30:00,09:15:00,-533.2998000000007
2020-07-14,10608.0,10644.441929772986,NIFTY,10697.9004,Short,15:30:00,09:15:00,-89.90040000000045
2020-07-16,10697.9004,10653.798389352163,NIFTY,10916.2002,Short,15:30:00,09:15:00,-218.29979999999887
2020-08-03,10916.2002,11062.32926347156,NIFTY,11110.3496,Short,15:30:00,09:15:00,-194.14940000000024
2020-08-04,11110.3496,11071.060233749458,NIFTY,11186.1504,Short,15:30:00,09:15:00,-75.80080000000089
2020-08-14,11186.1504,11225.87679907473,NIFTY,11281.0,Short,15:30:00,09:15:00,-94.84959999999955
2020-08-17,11281.0,11235.899199242958,NIFTY,11293.5,Short,15:30:00,09:15:00,-12.5
2020-08-20,11293.5,11295.579549998583,NIFTY,11382.9004,Short,15:30:00,09:15:00,-89.40040000000045
2020-08-21,11382.9004,11311.456068180658,NIFTY,11359.7998,Short,15:30:00,09:15:00,23.10059999999976
2020-08-31,11359.7998,11454.451372301148,NIFTY,11527.5498,Short,15:30:00,09:15:00,-167.75
2020-09-01,11527.5498,11467.74199551912,NIFTY,11375.0,Short,15:30:00,09:15:00,152.5498000000007
2020-09-04,11375.0,11474.932432707315,NIFTY,11467.5,Short,15:30:00,09:15:00,-92.5
2020-09-10,11467.5,11420.687629437378,NIFTY,11226.0996,Short,15:30:00,09:15:00,241.40040000000045
2020-09-21,11226.0996,11444.597793010878,NIFTY,11242.5,Short,15:30:00,09:15:00,-16.400400000000445
2020-09-28,11242.5,11217.474957390512,NIFTY,11675.0,Short,15:30:00,09:15:00,-432.5
2020-10-15,11675.0,11741.09096329936,NIFTY,11768.5,Short,15:30:00,09:15:00,-93.5
2020-10-16,11768.5,11746.074424517657,NIFTY,11779.75,Short,15:30:00,09:15:00,-11.25
2020-10-26,11779.75,11839.243722609883,NIFTY,11875.0,Short,15:30:00,09:15:00,-95.25
2020-10-27,11875.0,11845.74486395354,NIFTY,11719.8496,Short,15:30:00,09:15:00,155.15040000000045
2020-10-28,11719.8496,11822.854815961988,NIFTY,11823.4502,Short,15:30:00,09:15:00,-103.60059999999976
2020-11-03,11823.4502,11763.356334999426,NIFTY,13290.5996,Short,15:30:00,09:15:00,-1467.1494000000002
2020-12-21,13290.5996,13513.739663536531,NIFTY,13619.0498,Short,15:30:00,09:15:00,-328.45020000000113
2020-12-23,13619.0498,13529.243870631892,NIFTY,14251.6504,Short,15:30:00,09:15:00,-632.6005999999998
2021-01-18,14251.6504,14358.99722645702,NIFTY,14572.0,Short,15:30:00,09:15:00,-320.34959999999955
2021-01-19,14572.0,14397.725003464835,NIFTY,14375.0996,Short,15:30:00,09:15:00,196.90040000000045
2021-01-22,14375.0996,14458.258445624238,NIFTY,14394.2998,Short,15:30:00,09:15:00,-19.200200000001132
2021-02-01,14394.2998,14194.486165279726,NIFTY,15006.7998,Short,15:30:00,09:15:00,-612.5
2021-02-19,15006.7998,15081.27031323548,NIFTY,14996.75,Short,15:30:00,09:15:00,10.049800000000687
2021-02-24,14996.75,14959.375650449783,NIFTY,14565.25,Short,15:30:00,09:15:00,431.5
2021-02-26,14565.25,14908.531604020103,NIFTY,14983.0,Short,15:30:00,09:15:00,-417.75
2021-03-02,14983.0,14908.826941534116,NIFTY,14983.0,Short,15:30:00,09:15:00,0.0
2021-03-05,14983.0,14999.552847767369,NIFTY,15145.0,Short,15:30:00,09:15:00,-162.0
2021-03-09,15145.0,15022.709787348402,NIFTY,15036.4004,Short,15:30:00,09:15:00,108.59959999999955
2021-03-12,15036.4004,15052.019021282813,NIFTY,14917.0,Short,15:30:00,09:15:00,119.40040000000045
2021-03-30,14917.0,14736.780640450834,NIFTY,14706.5996,Short,15:30:00,09:15:00,210.40040000000045
2021-04-05,14706.5996,14764.48683913498,NIFTY,14880.5,Short,15:30:00,09:15:00,-173.90040000000045
2021-04-07,14880.5,14785.433338594488,NIFTY,14364.5,Short,15:30:00,09:15:00,516.0
2021-04-12,14364.5,14743.471002130264,NIFTY,14645.0498,Short,15:30:00,09:15:00,-280.5498000000007
2021-04-27,14645.0498,14523.15896560759,NIFTY,14551.9004,Short,15:30:00,09:15:00,93.14940000000024
2021-05-04,14551.9004,14634.962594841149,NIFTY,14694.2002,Short,15:30:00,09:15:00,-142.29979999999887
2021-05-05,14694.2002,14645.733068506393,NIFTY,14708.9004,Short,15:30:00,09:15:00,-14.700200000001132
2021-05-12,14708.9004,14765.71588569977,NIFTY,14955.4004,Short,15:30:00,09:15:00,-246.5
2021-05-17,14955.4004,14793.031368113068,NIFTY,15680.9502,Short,15:30:00,09:15:00,-725.5497999999989
2021-06-17,15680.9502,15725.551833908348,NIFTY,15727.5,Short,15:30:00,09:15:00,-46.54980000000069
2021-06-18,15727.5,15725.90604592501,NIFTY,15694.0,Short,15:30:00,09:15:00,33.5
2021-06-23,15694.0,15727.523022298521,NIFTY,15790.0,Short,15:30:00,09:15:00,-96.0
2021-06-24,15790.0,15738.882472789697,NIFTY,15747.0,Short,15:30:00,09:15:00,43.0
2021-06-30,15747.0,15777.70185894223,NIFTY,15868.0,Short,15:30:00,09:15:00,-121.0
2021-07-05,15868.0,15783.411190660318,NIFTY,15731.0,Short,15:30:00,09:15:00,137.0
2021-07-08,15731.0,15796.790035455575,NIFTY,15833.9502,Short,15:30:00,09:15:00,-102.95019999999931
2021-07-13,15833.9502,15781.388508675516,NIFTY,15761.2998,Short,15:30:00,09:15:00,72.65039999999863
2021-07-19,15761.2998,15828.08939210573,NIFTY,15823.4502,Short,15:30:00,09:15:00,-62.150399999998626
2021-07-22,15823.4502,15797.778059178214,NIFTY,15733.9004,Short,15:30:00,09:15:00,89.54979999999887
2021-07-27,15733.9004,15794.919685906023,NIFTY,15780.2002,Short,15:30:00,09:15:00,-46.29979999999887
2021-07-29,15780.2002,15779.23883436684,NIFTY,17355.8008,Short,15:30:00,09:15:00,-1575.6006000000016
2021-09-20,17355.8008,17394.914941344385,NIFTY,17562.0508,Short,15:30:00,09:15:00,-206.25
2021-09-21,17562.0508,17425.30327928177,NIFTY,17619.0996,Short,15:30:00,09:15:00,-57.04880000000048
2021-09-30,17619.0996,17653.588996468323,NIFTY,17715.0,Short,15:30:00,09:15:00,-95.90039999999863
2021-10-04,17715.0,17645.737262098624,NIFTY,17611.0,Short,15:30:00,09:15:00,104.0
2021-10-06,17611.0,17667.881261404862,NIFTY,17820.0,Short,15:30:00,09:15:00,-209.0
2021-10-07,17820.0,17695.539213876706,NIFTY,18138.8496,Short,15:30:00,09:15:00,-318.8496000000014
2021-10-22,18138.8496,18166.192023567863,NIFTY,18350.0,Short,15:30:00,09:15:00,-211.15039999999863
2021-10-26,18350.0,18197.78314966113,NIFTY,18196.0,Short,15:30:00,09:15:00,154.0
2021-10-27,18196.0,18197.458940631834,NIFTY,18138.0,Short,15:30:00,09:15:00,58.0
2021-11-08,18138.0,18015.574767254227,NIFTY,18015.0,Short,15:30:00,09:15:00,123.0
2021-11-10,18015.0,18024.347571467704,NIFTY,18141.25,Short,15:30:00,09:15:00,-126.25
2021-11-12,18141.25,18029.023640403997,NIFTY,17987.0,Short,15:30:00,09:15:00,154.25
2021-11-16,17987.0,18036.553015477057,NIFTY,17439.9004,Short,15:30:00,09:15:00,547.0996000000014
2021-12-02,17439.9004,17384.175574671797,NIFTY,17252.3008,Short,15:30:00,09:15:00,187.59959999999774
2021-12-03,17252.3008,17360.19834291329,NIFTY,17511.5,Short,15:30:00,09:15:00,-259.1991999999991
2021-12-08,17511.5,17317.371594277825,NIFTY,17352.5996,Short,15:30:00,09:15:00,158.90039999999863
2021-12-14,17352.5996,17396.981706526654,NIFTY,17118.0,Short,15:30:00,09:15:00,234.59960000000137
2021-12-27,17118.0,17077.421955350615,NIFTY,17975.5,Short,15:30:00,09:15:00,-857.5
2022-01-19,17975.5,18048.07453169799,NIFTY,17608.8496,Short,15:30:00,09:15:00,366.6503999999986
2022-02-01,17608.8496,17502.88568359255,NIFTY,17507.0,Short,15:30:00,09:15:00,101.84960000000137
2022-02-03,17507.0,17549.156591495837,NIFTY,17487.0,Short,15:30:00,09:15:00,20.0
2022-02-09,17487.0,17450.621405204845,NIFTY,17330.5,Short,15:30:00,09:15:00,156.5
2022-02-11,17330.5,17450.65323158341,NIFTY,17365.0,Short,15:30:00,09:15:00,-34.5
2022-02-15,17365.0,17339.62736990294,NIFTY,17297.9004,Short,15:30:00,09:15:00,67.09960000000137
2022-02-16,17297.9004,17332.040648102404,NIFTY,16566.3496,Short,15:30:00,09:15:00,731.5507999999973
2022-03-10,16566.3496,16497.958119173076,NIFTY,17561.3008,Short,15:30:00,09:15:00,-994.9511999999995
2022-04-12,17561.3008,17676.009561885236,NIFTY,17414.0,Short,15:30:00,09:15:00,147.3008000000009
2022-04-21,17414.0,17403.523684078715,NIFTY,17166.9004,Short,15:30:00,09:15:00,247.09960000000137
2022-04-22,17166.9004,17360.501268791675,NIFTY,17245.0,Short,15:30:00,09:15:00,-78.09960000000137
2022-04-28,17245.0,17238.819428327446,NIFTY,17133.0,Short,15:30:00,09:15:00,112.0
2022-04-29,17133.0,17219.579532267908,NIFTY,16266.4502,Short,15:30:00,09:15:00,866.5498000000007
2022-05-17,16266.4502,16258.658096368177,NIFTY,16236.0,Short,15:30:00,09:15:00,30.450199999999313
2022-05-18,16236.0,16254.538442483054,NIFTY,16274.9004,Short,15:30:00,09:15:00,-38.900400000000445
2022-05-20,16274.9004,16188.243162323364,NIFTY,16164.8496,Short,15:30:00,09:15:00,110.05080000000089
2022-05-23,16164.8496,16183.98978735548,NIFTY,16169.0498,Short,15:30:00,09:15:00,-4.200200000001132
2022-05-26,16169.0498,16149.15748052753,NIFTY,16421.1992,Short,15:30:00,09:15:00,-252.14939999999842
2022-06-07,16421.1992,16460.921591072754,NIFTY,16485.0,Short,15:30:00,09:15:00,-63.80080000000089
2022-06-09,16485.0,16449.542552701594,NIFTY,16208.0,Short,15:30:00,09:15:00,277.0
2022-06-10,16208.0,16405.62572493767,NIFTY,15718.9004,Short,15:30:00,09:15:00,489.09959999999955
2022-06-24,15718.9004,15673.169556280413,NIFTY,15990.9004,Short,15:30:00,09:15:00,-272.0
2022-07-13,15990.9004,15992.969437826687,NIFTY,16074.0,Short,15:30:00,09:15:00,-83.09959999999955
2022-07-15,16074.0,15999.971276561664,NIFTY,17499.0,Short,15:30:00,09:15:00,-1425.0
2022-08-22,17499.0,17669.634790767203,NIFTY,17678.0,Short,15:30:00,09:15:00,-179.0
2022-08-26,17678.0,17638.952058727107,NIFTY,17384.0,Short,15:30:00,09:15:00,294.0
2022-08-29,17384.0,17592.597138958543,NIFTY,17823.0,Short,15:30:00,09:15:00,-439.0
2022-08-30,17823.0,17634.48856823881,NIFTY,17611.1504,Short,15:30:00,09:15:00,211.84960000000137
2022-09-01,17611.1504,17630.24526492266,NIFTY,17704.0,Short,15:30:00,09:15:00,-92.84960000000137
2022-09-05,17704.0,17632.945177344922,NIFTY,17560.0996,Short,15:30:00,09:15:00,143.90039999999863
2022-09-16,17560.0996,17806.934060469288,NIFTY,17803.6992,Short,15:30:00,09:15:00,-243.59959999999774
2022-09-20,17803.6992,17781.5127380001,NIFTY,17740.0,Short,15:30:00,09:15:00,63.69919999999911
2022-09-21,17740.0,17773.964967454624,NIFTY,17306.0,Short,15:30:00,09:15:00,434.0
2022-10-04,17306.0,17192.182281729187,NIFTY,17230.0,Short,15:30:00,09:15:00,76.0
2022-10-10,17230.0,17234.131182705165,NIFTY,17209.75,Short,15:30:00,09:15:00,20.25
2022-10-14,17209.75,17155.05521978885,NIFTY,18194.0,Short,15:30:00,09:15:00,-984.25
2022-11-21,18194.0,18265.69606450775,NIFTY,18293.8496,Short,15:30:00,09:15:00,-99.84960000000137
2022-11-22,18293.8496,18270.814889142704,NIFTY,18269.0,Short,15:30:00,09:15:00,24.849600000001374
2022-11-23,18269.0,18270.484909298575,NIFTY,18486.6504,Short,15:30:00,09:15:00,-217.65039999999863
2022-11-24,18486.6504,18309.78772578974,NIFTY,18673.6992,Short,15:30:00,09:15:00,-187.04880000000048
2022-12-07,18673.6992,18699.700961731593,NIFTY,18724.9492,Short,15:30:00,09:15:00,-51.25
2022-12-08,18724.9492,18704.291550507667,NIFTY,18571.9004,Short,15:30:00,09:15:00,153.04880000000048
2022-12-09,18571.9004,18680.220432233546,NIFTY,18711.5,Short,15:30:00,09:15:00,-139.59960000000137
2022-12-13,18711.5,18674.792190172866,NIFTY,18445.5,Short,15:30:00,09:15:00,266.0
2022-12-15,18445.5,18642.565079371914,NIFTY,18278.6992,Short,15:30:00,09:15:00,166.8008000000009
2023-01-02,18278.6992,18230.99655767646,NIFTY,18102.9492,Short,15:30:00,09:15:00,175.75
2023-01-04,18102.9492,18220.211599766884,NIFTY,18161.8008,Short,15:30:00,09:15:00,-58.85160000000178
2023-01-09,18161.8008,18150.976963057896,NIFTY,17988.4492,Short,15:30:00,09:15:00,173.35160000000178
2023-01-10,17988.4492,18121.42646068373,NIFTY,18092.5,Short,15:30:00,09:15:00,-104.05080000000089
2023-01-17,18092.5,18044.53650133755,NIFTY,18055.9492,Short,15:30:00,09:15:00,36.55080000000089
2023-01-20,18055.9492,18075.116207269024,NIFTY,18150.8008,Short,15:30:00,09:15:00,-94.85160000000178
2023-01-23,18150.8008,18088.877042311018,NIFTY,17890.8008,Short,15:30:00,09:15:00,260.0
2023-01-25,17890.8008,18065.131825018118,NIFTY,,Short,15:30:00,09:15:00,
